,Bash/Shell/PowerShell,C,C#,C++,Clojure,F#,Go,HTML/CSS,Java,JavaScript,Objective-C,Other(s),PHP,Python,R,Ruby,Rust,SQL,Scala,Swift,Visual Basic / VBA
2015,,16.615299691798153,31.965591793550765,22.26413358480151,0.8096048576291457,0.8004048024288146,2.1252127512765076,,37.80762684576107,55.025530153180924,7.907447444684667,11.918671512029071,30.033580201481207,24.09494456966742,3.4730208381250285,8.119048714292285,0.4738028428170569,43.41966051796311,2.474814848889093,3.491420948525691,7.824646947881687
2016,,15.661397246302908,31.17389087200408,19.55940846506884,1.1341152473227945,0.9872514023457419,3.155532891381948,,36.59765425803162,55.859255481896994,6.531361550229475,10.949515553289139,26.068332483426822,25.052524222335542,3.328913819479857,8.940336562978073,0.8893421723610403,44.82610912799592,3.267720550739419,5.601223865374809,6.755736868944416
2017,,19.041638225255973,34.06416382252559,22.266211604095563,1.0675767918088739,1.2477815699658703,4.251194539249147,,39.65597269624573,62.45733788395904,6.4136518771331055,29.5481228668942,28.09556313993174,31.956313993174064,4.461433447098976,9.075767918088737,1.1358361774744026,51.205460750853234,3.574061433447099,6.465529010238908,9.804778156996587
2018,39.79370388337121,23.032144407281642,34.409068858988434,25.368294737917125,1.3174355962927975,1.423392141343478,7.062067556871857,69.61472668317717,45.34557152705083,69.81132075471697,7.033982689509026,41.930706972706616,30.72867464957745,38.75584037582659,6.144203028059335,10.099062986697986,2.3706181223989584,57.02504659534813,4.365920290040084,8.05525059361197,10.894375367018153
2019,36.532334501935615,20.574632575454785,30.943598762119013,23.43751784307232,1.4320136121230116,1.1111237995180943,8.223229681736688,63.33976635567381,41.01565622537656,67.62552958238646,4.785940229990064,39.38265824663979,26.29926115406137,41.61632541196085,5.764597060603639,8.37168404344003,3.1906268199933767,54.29318594479782,3.7787344836643104,6.559398874030764,5.459694640797543
